[
    {
        "Username": "nph",
        "Post Numbers": "994",
        "Followers Number": "8.6m",
        "Following Numbers": "713",
        "Bio": "Neil Patrick Harris\nwondercade.com",
        "img_link": "https://instagram.fevn7-1.fna.fbcdn.net/v/t51.2885-15/e35/p1080x1080/245410690_4315306101884926_4198159118802936849_n.jpg?_nc_ht=instagram.fevn7-1.fna.fbcdn.net&_nc_cat=1&_nc_ohc=Ci-H5Jp8U28AX9q_IT8&edm=AABBvjUBAAAA&ccb=7-4&oh=e27e53089fd2ea04961af71cd9e2aba5&oe=616C303D&_nc_sid=83d603",
        "Caption": "nph\nVerified\nKids\u2019 birthday weekend, at the Happiest Place on Earth! Celebrating here, with them, is epic. Thanks, @waltdisneyworld, for helping Harper and Gideon grow and appreciate creativity, design, amusement, and Imagineering. #grateful @dbelicious\n1d",
        "Likes": "457,708 likes",
        "Views": null
    },
    {
        "Username": "nph",
        "Post Numbers": "994",
        "Followers Number": "8.6m",
        "Following Numbers": "713",
        "Bio": "Neil Patrick Harris\nwondercade.com",
        "img_link": "https://instagram.fevn7-1.fna.fbcdn.net/v/t51.2885-15/e35/s1080x1080/244420456_2705432739765156_2249088274497664798_n.jpg?_nc_ht=instagram.fevn7-1.fna.fbcdn.net&_nc_cat=100&_nc_ohc=_hwJQ8kWxBYAX8v5VPj&edm=AABBvjUBAAAA&ccb=7-4&oh=d22dbdb5a7661662dfa29a8ff261e447&oe=616DCA43&_nc_sid=83d603",
        "Caption": "nph\nVerified\nWONDERCADE HAS ARRIVED! My hope with @wondercade is that we all eat and drink more tastefully, travel more adventurously, live more stylishly and just generally be reminded that a life spent in good company is a life well-lived. If you haven\u2019t already, go sign up now via the link in bio.\n6d",
        "Likes": "65,839 likes",
        "Views": null
    },
    {
        "Username": "nph",
        "Post Numbers": "994",
        "Followers Number": "8.6m",
        "Following Numbers": "713",
        "Bio": "Neil Patrick Harris\nwondercade.com",
        "img_link": "https://instagram.fevn7-1.fna.fbcdn.net/v/t51.2885-15/e35/p1080x1080/244419587_417333423317315_1870855436594516252_n.jpg?_nc_ht=instagram.fevn7-1.fna.fbcdn.net&_nc_cat=111&_nc_ohc=_akiBXTqyyoAX-lkS6R&edm=AABBvjUBAAAA&ccb=7-4&oh=aa13e0e0cb41f74d1c7bfd94c2b3547b&oe=616CD97D&_nc_sid=83d603",
        "Caption": "nph\nVerified\nScenes from the making of the @Wondercade video. Tomorrow is the day. Sign up now via link in bio.\n1w",
        "Likes": "193,021 likes",
        "Views": null
    },
    {
        "Username": "nph",
        "Post Numbers": "994",
        "Followers Number": "8.6m",
        "Following Numbers": "713",
        "Bio": "Neil Patrick Harris\nwondercade.com",
        "img_link": "https://instagram.fevn7-1.fna.fbcdn.net/v/t51.2885-15/e35/244430131_138515038492479_4800961679527029313_n.jpg?_nc_ht=instagram.fevn7-1.fna.fbcdn.net&_nc_cat=103&_nc_ohc=A95JQkbIHsgAX_rQEIH&edm=AABBvjUBAAAA&ccb=7-4&oh=95ed10866b5cbea27f60ed38983ea79a&oe=61683508&_nc_sid=83d603",
        "Caption": "nph\nVerified\n@dbelicious and I are headed back to @NYCWFF to Eat. Drink. Feed NYC. We\u2019re hosting the annual Drag Brunch with special guests @Detox and @MurrayHill on 10/17 & we\u2019re giving away tickets to 4 lucky winners! We\u2019re talking live entertainment from NYC\u2019s top Queens, craft cocktails and unbelievable food from the most iconic restaurants in NYC. How to enter! \ud83d\udc47 \u2063\n1: Follow @dbelicious and @nycwff on Instagram. \u2063\n2: Tag 4 friends you\u2019d like to go with in the comments. Enter as many times as you\u2019d like! \u2063\n3: You must be 21+ to enter. Winners will be announced on Wednesday, October 6 and contacted directly by @nycwff. \u2063\n\u2063\nCome for a delicious morning, stay for a great cause, all in support of @godslovenyc and @foodbank4nyc. Best of luck, and see you there! \ud83d\ude4c #NYCWFF #DragBrunch\n1w",
        "Likes": null,
        "Views": "240,895 views"
    },
    {
        "Username": "nph",
        "Post Numbers": "994",
        "Followers Number": "8.6m",
        "Following Numbers": "713",
        "Bio": "Neil Patrick Harris\nwondercade.com",
        "img_link": "https://instagram.fevn7-1.fna.fbcdn.net/v/t51.2885-19/s150x150/28753707_762539037277987_6354876380445933568_n.jpg?_nc_ht=instagram.fevn7-1.fna.fbcdn.net&_nc_ohc=_iKNYpFHnUwAX8DfEa0&edm=AABBvjUBAAAA&ccb=7-4&oh=ac6277b96bfb500f2bbb57d2dcd968d8&oe=616D8B1E&_nc_sid=83d603",
        "Caption": "nph\nVerified\nWondercade\n\nI am ecstatic to announce the new project I've been working on called Wondercade. What is this @wondercade you might ask? Well it\u2019s a weekly newsletter created by me, thanks for asking. It\u2019s filled with the things, places, and people that I find interesting and offers readers a mix of inspiration and information. Sign up now via the link in my bio and get ready to share in the shenanigans. Coming soon.\n1w",
        "Likes": null,
        "Views": "374,222 views"
    },
    {
        "Username": "nph",
        "Post Numbers": "994",
        "Followers Number": "8.6m",
        "Following Numbers": "713",
        "Bio": "Neil Patrick Harris\nwondercade.com",
        "img_link": "https://instagram.fevn7-1.fna.fbcdn.net/v/t51.2885-15/e35/243569654_475398796769760_9129698057822309656_n.jpg?_nc_ht=instagram.fevn7-1.fna.fbcdn.net&_nc_cat=100&_nc_ohc=dtFEpRV3owYAX9Ox17q&edm=AABBvjUBAAAA&ccb=7-4&oh=bc7f3a2793a794a9fea788fe12d2c086&oe=61682C06&_nc_sid=83d603",
        "Caption": "nph\nVerified\nIntroducing #MagicMixies Magic Cauldron from @supermoosetoys. What I love about this toy is that it encourages kids to believe a little longer by letting them experience magic in their own hands. You follow the spell, add the mystical ingredients, tap the magic wand, and POOF! Watch as your interactive Mixie appears from the REAL mist. Plus, make magic happen again and again. Real magic is here with Magic Mixies! Get it before it disappears #ad\n1w",
        "Likes": null,
        "Views": "212,005 views"
    },
    {
        "Username": "nph",
        "Post Numbers": "994",
        "Followers Number": "8.6m",
        "Following Numbers": "713",
        "Bio": "Neil Patrick Harris\nwondercade.com",
        "img_link": "https://instagram.fevn7-1.fna.fbcdn.net/v/t51.2885-15/e35/p1080x1080/242548803_545740653376803_9139654678423673927_n.jpg?_nc_ht=instagram.fevn7-1.fna.fbcdn.net&_nc_cat=103&_nc_ohc=l1dmjbU2B-8AX95wd1z&edm=AABBvjUBAAAA&ccb=7-4&oh=42155fd2cf73b6cba9b300292eeb3346&oe=616CE51D&_nc_sid=83d603",
        "Caption": "nph\nVerified\nAs parents, David and I are beyond proud of Gideon and Harper for joining @cityharvestnyc's new Junior Food Council. This is an amazing group of young, culinary-minded individuals committed to fighting food insecurity. Since September is Hunger Action Month, we\u2019re following the leadership of our own kids, taking action and standing with City Harvest this month! Join us and learn how you can help fight hunger in NYC at cityharvest.org/HungerActionMonth #WeAreCityHarvest @dbelicious #proudparents\n3w",
        "Likes": "110,944 likes",
        "Views": null
    },
    {
        "Username": "nph",
        "Post Numbers": "994",
        "Followers Number": "8.6m",
        "Following Numbers": "713",
        "Bio": "Neil Patrick Harris\nwondercade.com",
        "img_link": "https://instagram.fevn7-1.fna.fbcdn.net/v/t51.2885-15/e35/242202013_1877979389054100_4802913104082926105_n.jpg?_nc_ht=instagram.fevn7-1.fna.fbcdn.net&_nc_cat=100&_nc_ohc=vsNDTuxPkqgAX8XEKIj&edm=AABBvjUBAAAA&ccb=7-4&oh=5f9f78cb17ba4c2879bc20f9333aa958&oe=616D9E6C&_nc_sid=83d603",
        "Caption": "nph\nVerified\nLooking for a great book? The brilliant and hilarious Barry Sonnenfeld wrote a wonderful memoir about his adventures in the entertainment industry, highly recommended! And this new version has the softest, most flexible cover yet! @bsonnenfeld @hachettebooks #ASOUE\n3w",
        "Likes": "20,827 likes",
        "Views": null
    },
    {
        "Username": "nph",
        "Post Numbers": "994",
        "Followers Number": "8.6m",
        "Following Numbers": "713",
        "Bio": "Neil Patrick Harris\nwondercade.com",
        "img_link": "https://instagram.fevn7-1.fna.fbcdn.net/v/t51.2885-19/s150x150/28753707_762539037277987_6354876380445933568_n.jpg?_nc_ht=instagram.fevn7-1.fna.fbcdn.net&_nc_ohc=_iKNYpFHnUwAX8DfEa0&edm=AABBvjUBAAAA&ccb=7-4&oh=ac6277b96bfb500f2bbb57d2dcd968d8&oe=616D8B1E&_nc_sid=83d603",
        "Caption": "nph\nVerified\nMatrix 4: Resurrections\n\nThe trailer is out. This is all very exciting.\n4w",
        "Likes": null,
        "Views": "886,052 views"
    },
    {
        "Username": "nph",
        "Post Numbers": "994",
        "Followers Number": "8.6m",
        "Following Numbers": "713",
        "Bio": "Neil Patrick Harris\nwondercade.com",
        "img_link": "https://instagram.fevn7-1.fna.fbcdn.net/v/t51.2885-15/e35/241452256_440788573924389_2725909231224601787_n.jpg?_nc_ht=instagram.fevn7-1.fna.fbcdn.net&_nc_cat=109&_nc_ohc=HGDit4VFQTgAX9PpaX8&edm=AABBvjUBAAAA&ccb=7-4&oh=089bf93e7e13b5518834bfdfed707ac2&oe=616822EB&_nc_sid=83d603",
        "Caption": "nph\nVerified\nThe choice is yours. Trailer Thursday at 6AM PT. Visit the link in my bio. #TheMatrixMovie\n5w",
        "Likes": null,
        "Views": "731,234 views"
    },
    {
        "Username": "nph",
        "Post Numbers": "994",
        "Followers Number": "8.6m",
        "Following Numbers": "713",
        "Bio": "Neil Patrick Harris\nwondercade.com",
        "img_link": "https://instagram.fevn7-1.fna.fbcdn.net/v/t51.2885-15/e35/s1080x1080/241313814_208970247933879_8046515489210455781_n.jpg?_nc_ht=instagram.fevn7-1.fna.fbcdn.net&_nc_cat=103&_nc_ohc=dF30Oe8LWfoAX8QrIAN&edm=AABBvjUBAAAA&ccb=7-4&oh=55c48d4d5c068022d74ddff256dc048e&oe=616C4BFB&_nc_sid=83d603",
        "Caption": "nph\nVerified\nSeven years ago today, we got married in Italy. Last week, we were swimming in Croatia. Who knows where we\u2019ll wind up next, but there is no one I\u2019d rather travel the world with than you, David Burtka. Your adventurous spirit combined with your nurturing heart continues to impress and inspire. Our children are so fortunate to be surrounded by your love, your dedication, and your light. We all are. Happy anniversary, bubba. Can\u2019t wait to see what happens next. @dbelicious #grateful #anniversary\n5w",
        "Likes": "481,157 likes",
        "Views": null
    },
    {
        "Username": "nph",
        "Post Numbers": "994",
        "Followers Number": "8.6m",
        "Following Numbers": "713",
        "Bio": "Neil Patrick Harris\nwondercade.com",
        "img_link": "https://instagram.fevn7-1.fna.fbcdn.net/v/t51.2885-15/e35/241234668_200560265397869_2493654137980227685_n.jpg?_nc_ht=instagram.fevn7-1.fna.fbcdn.net&_nc_cat=105&_nc_ohc=6Jnj8nZliskAX--n4kP&edm=AABBvjUBAAAA&ccb=7-4&oh=cb5a6a3c07319e868cebda2d18f18435&oe=6168487B&_nc_sid=83d603",
        "Caption": "nph\nVerified\nGideon\u2019s a stud.\n\nJust sayin\u2019.\n\n#croatia #seabob #tenyearold #stuntman #icantwiththewave\n5w",
        "Likes": null,
        "Views": "479,405 views"
    },
    {
        "Username": "nph",
        "Post Numbers": "994",
        "Followers Number": "8.6m",
        "Following Numbers": "713",
        "Bio": "Neil Patrick Harris\nwondercade.com",
        "img_link": "https://instagram.fevn7-1.fna.fbcdn.net/v/t51.2885-15/e35/240772608_544142440240356_237091283456166128_n.jpg?_nc_ht=instagram.fevn7-1.fna.fbcdn.net&_nc_cat=100&_nc_ohc=LKVVIbDr-q4AX9FKfth&edm=AABBvjUBAAAA&ccb=7-4&oh=09db358c1ee9d26e040ec1cecb8e4a7b&oe=6168513A&_nc_sid=83d603",
        "Caption": "nph\nVerified\nJumping for joy with Harper. Much love to Hvar and #beachclubhvar for existing. Great water! Great memories! #grateful #phoneisfine #iphone12\n6w",
        "Likes": null,
        "Views": "755,447 views"
    },
    {
        "Username": "nph",
        "Post Numbers": "994",
        "Followers Number": "8.6m",
        "Following Numbers": "713",
        "Bio": "Neil Patrick Harris\nwondercade.com",
        "img_link": "https://instagram.fevn7-1.fna.fbcdn.net/v/t51.2885-15/e35/240772657_995905391235570_6874393831568953590_n.jpg?_nc_ht=instagram.fevn7-1.fna.fbcdn.net&_nc_cat=106&_nc_ohc=jzplHhOi4gIAX9zK_IU&edm=AABBvjUBAAAA&ccb=7-4&oh=249a366c48e854025aaa0d8bf6b755fc&oe=61689B8E&_nc_sid=83d603",
        "Caption": "nph\nVerified\nDive competition:\n\n1 - my inaugural backflip\n\n2 - @dbelicious doing much better\n\n3 - @innis_jenkins studly without fear or arms\n\n4 - @riverviiperi nailing it (stay for the slo-mo hair flip)\n\n5 - David with a sideways\u2026leggy\u2026something. Still dope\n\n6 - me coaxing Harper to give it a try\n6w",
        "Likes": "237,172 likes",
        "Views": null
    },
    {
        "Username": "nph",
        "Post Numbers": "994",
        "Followers Number": "8.6m",
        "Following Numbers": "713",
        "Bio": "Neil Patrick Harris\nwondercade.com",
        "img_link": "https://instagram.fevn7-1.fna.fbcdn.net/v/t51.2885-15/e35/p1080x1080/240736521_359147599024763_2335886350199868863_n.jpg?_nc_ht=instagram.fevn7-1.fna.fbcdn.net&_nc_cat=111&_nc_ohc=ttjRNT0DCsQAX-D3k16&edm=AABBvjUBAAAA&ccb=7-4&oh=dbcc1edefdb96b99c4061c4d3929d1a8&oe=616D4367&_nc_sid=83d603",
        "Caption": "nph\nVerified\nIntentional bonding. Unintentional matching. #love\n6w",
        "Likes": "851,276 likes",
        "Views": null
    },
    {
        "Username": "nph",
        "Post Numbers": "994",
        "Followers Number": "8.6m",
        "Following Numbers": "713",
        "Bio": "Neil Patrick Harris\nwondercade.com",
        "img_link": "https://instagram.fevn7-1.fna.fbcdn.net/v/t51.2885-15/e35/240529889_203127261797567_7117834574852744044_n.jpg?_nc_ht=instagram.fevn7-1.fna.fbcdn.net&_nc_cat=111&_nc_ohc=DFP0TfmXEGAAX9K03P_&edm=AABBvjUBAAAA&ccb=7-4&oh=e7e87403410316bc2ff4b7e4bc8ce5c8&oe=6168B802&_nc_sid=83d603",
        "Caption": "nph\nVerified\nTaking the leap. \ud83d\udc4d\ud83c\udffc\ud83d\udc4d\ud83c\udffc (I love their post-jump sentiments\u2026)\n6w",
        "Likes": "247,836 likes",
        "Views": null
    },
    {
        "Username": "nph",
        "Post Numbers": "994",
        "Followers Number": "8.6m",
        "Following Numbers": "713",
        "Bio": "Neil Patrick Harris\nwondercade.com",
        "img_link": "https://instagram.fevn7-1.fna.fbcdn.net/v/t51.2885-15/e35/p1080x1080/240408603_596012788063527_1138490611203629190_n.jpg?_nc_ht=instagram.fevn7-1.fna.fbcdn.net&_nc_cat=103&_nc_ohc=C-7y5LENrNQAX-Ev7sy&edm=AABBvjUBAAAA&ccb=7-4&oh=c75fc735776f004fd5c593e9fbd5db93&oe=616CE771&_nc_sid=83d603",
        "Caption": "nph\nVerified\n165 pounds soaking wet. @rondorff @miansai\n7w",
        "Likes": "503,411 likes",
        "Views": null
    },
    {
        "Username": "nph",
        "Post Numbers": "994",
        "Followers Number": "8.6m",
        "Following Numbers": "713",
        "Bio": "Neil Patrick Harris\nwondercade.com",
        "img_link": "https://instagram.fevn7-1.fna.fbcdn.net/v/t51.2885-15/e35/p1080x1080/240509466_119555660419070_4267962916862259899_n.jpg?_nc_ht=instagram.fevn7-1.fna.fbcdn.net&_nc_cat=102&_nc_ohc=ffol_q7U-NIAX8QW-IZ&edm=AABBvjUBAAAA&ccb=7-4&oh=53f44eed5c3817777463a3457f89d729&oe=616D97B9&_nc_sid=83d603",
        "Caption": "nph\nVerified\nHappy Birthday to the glorious Diana Jenkins (@sdjneuro). She is one of the kindest, smartest, prettiest, savviest, most resilient people I know. Her kindness and authenticity are unparalleled, and her friendship is very much appreciated by my entire family. If you haven\u2019t yet tried @drinkneuro, which is her company, I can\u2019t recommend it enough. Enjoy this next year, sweet D. You\u2019re awesome.\n7w",
        "Likes": "54,541 likes",
        "Views": null
    },
    {
        "Username": "nph",
        "Post Numbers": "994",
        "Followers Number": "8.6m",
        "Following Numbers": "713",
        "Bio": "Neil Patrick Harris\nwondercade.com",
        "img_link": "https://instagram.fevn7-1.fna.fbcdn.net/v/t51.2885-15/e35/s1080x1080/240453322_1709075792622501_9022314066323916905_n.jpg?_nc_ht=instagram.fevn7-1.fna.fbcdn.net&_nc_cat=109&_nc_ohc=OxifirOFVTIAX-szgBk&edm=AABBvjUBAAAA&ccb=7-4&oh=c1b7b0350cc5893ca02acdb72a031236&oe=616C9EC5&_nc_sid=83d603",
        "Caption": "nph\nVerified\nHappily heading to our next adventure\u2026 #grateful @dbelicious\n7w",
        "Likes": "204,512 likes",
        "Views": null
    },
    {
        "Username": "nph",
        "Post Numbers": "994",
        "Followers Number": "8.6m",
        "Following Numbers": "713",
        "Bio": "Neil Patrick Harris\nwondercade.com",
        "img_link": "https://instagram.fevn7-1.fna.fbcdn.net/v/t51.2885-15/e35/p1080x1080/238069477_944747356102557_6421698977804904857_n.jpg?_nc_ht=instagram.fevn7-1.fna.fbcdn.net&_nc_cat=109&_nc_ohc=YADA3IT3TpkAX8wsV3q&edm=AABBvjUBAAAA&ccb=7-4&oh=d2c414e99109a0593782e14dc1eb45b4&oe=616DCD5A&_nc_sid=83d603",
        "Caption": "nph\nVerified\nToday\u2019s harvest from the garden. David\u2019s happy. The Farm is really growing on him..! #wockawocka #grateful #funhousefarm @dbelicious\n8w",
        "Likes": "124,811 likes",
        "Views": null
    },
    {
        "Username": "nph",
        "Post Numbers": "994",
        "Followers Number": "8.6m",
        "Following Numbers": "713",
        "Bio": "Neil Patrick Harris\nwondercade.com",
        "img_link": "https://instagram.fevn7-1.fna.fbcdn.net/v/t51.2885-15/e35/s1080x1080/235870507_901973357101309_2571305475015419204_n.jpg?_nc_ht=instagram.fevn7-1.fna.fbcdn.net&_nc_cat=101&_nc_ohc=BPRGjfzV8iMAX8hywfX&edm=AABBvjUBAAAA&ccb=7-4&oh=0e8e18a844f566632ca225ddd73f1283&oe=616C9500&_nc_sid=83d603",
        "Caption": "nph\nVerified\nJust got back from a magical trip to Italy!!\n\nJon and Lizzie, thank you for a week that we will cherish and remember forever. Your generosity and kindness are nothing short of remarkable. Can\u2019t wait to see you both soon.\n\nSwipe to see lovely pics of the two of them now!\n\n@dbelicious @tizzielisch @jonathan.mark #grateful #positano\n8w",
        "Likes": "410,706 likes",
        "Views": null
    },
    {
        "Username": "nph",
        "Post Numbers": "994",
        "Followers Number": "8.6m",
        "Following Numbers": "713",
        "Bio": "Neil Patrick Harris\nwondercade.com",
        "img_link": "https://instagram.fevn7-1.fna.fbcdn.net/v/t51.2885-15/e35/s1080x1080/234667423_372332790955311_6518886010484195724_n.jpg?_nc_ht=instagram.fevn7-1.fna.fbcdn.net&_nc_cat=103&_nc_ohc=5GLcboe-1cIAX-5VuXv&edm=AABBvjUBAAAA&ccb=7-4&oh=fe6b110fbb8b9527659a02aa688ea0de&oe=616CB91C&_nc_sid=83d603",
        "Caption": "nph\nVerified\nMy husband today. He must be thirsty. @dbelicious #lookingood\n9w",
        "Likes": "259,362 likes",
        "Views": null
    },
    {
        "Username": "nph",
        "Post Numbers": "994",
        "Followers Number": "8.6m",
        "Following Numbers": "713",
        "Bio": "Neil Patrick Harris\nwondercade.com",
        "img_link": "https://instagram.fevn7-1.fna.fbcdn.net/v/t51.2885-15/e35/233282518_542845743427708_3871434630248678384_n.jpg?_nc_ht=instagram.fevn7-1.fna.fbcdn.net&_nc_cat=104&_nc_ohc=1j41bGvHaCEAX86XTOu&edm=AABBvjUBAAAA&ccb=7-4&oh=b816a6c0bfec495a2e025a6ef74686fd&oe=6168285C&_nc_sid=83d603",
        "Caption": "nph\nVerified\nErr\u2026 umm\u2026 Thanks a lot, Spike. I\u2019m pretty positive Ella can\u2019t unwatch that.\n9w",
        "Likes": null,
        "Views": "2,034,532 views"
    },
    {
        "Username": "nph",
        "Post Numbers": "994",
        "Followers Number": "8.6m",
        "Following Numbers": "713",
        "Bio": "Neil Patrick Harris\nwondercade.com",
        "img_link": "https://instagram.fevn7-1.fna.fbcdn.net/v/t51.2885-19/s150x150/28753707_762539037277987_6354876380445933568_n.jpg?_nc_ht=instagram.fevn7-1.fna.fbcdn.net&_nc_ohc=_iKNYpFHnUwAX8DfEa0&edm=AABBvjUBAAAA&ccb=7-4&oh=ac6277b96bfb500f2bbb57d2dcd968d8&oe=616D8B1E&_nc_sid=83d603",
        "Caption": "nph\nVerified\nClam Dinner!\n\nPart two of our clamming adventure. Spoilers: it ends in our mouths. Thanks to all who got badges! All the $ goes to Alex\u2019 Lemonade Stand. Xoxo!\n10w",
        "Likes": null,
        "Views": "383,839 views"
    }
]